ID товара,Название,Автор,Цикл,Том,Категория,Подкатегории,Издательство,Серия,Год издания,Возрастные ограничения,Переводчик,Художник,Цена,Цена со скидкой,Рейтинг,Кол-во оценок,ISBN,Аннотация,Отрывок,Обложка,Кол-во страниц,Тип обложки,Формат,Вес,Тираж,Наличие на сайте,Поступит в продажу,Наличие в магазинах,Наличие в местных магазинах,Карта
2923280,Приключения Тома Сойера и Гекльберри Финна (комплект из 2 книг),Твен М.,Приключения Тома Сойера и Гекльберри Финна,"1, 2",Детская художественная литература,Приключения,Эксмо,Внеклассное чтение. Хорошие книги в школе и дома,2021,16+,Дарузес Н.Л.,-,595,595,2.67,3,978-5-04-110854-0,"Творческой удачей американского писателя Марка Твена стали романы ""Приключения Тома Сойера"" и ""Приключения Гекльберри Финна"". С добротой и юмором автор повествует о судьбе своих юных героев. Похождения веселого, живого, озорного Тома Сойера и его бесшабашного друга Гекльберри Финна - одни из самых лучезарных книг в мировой литературе.",-,https://img-gorod.ru/29/232/2923280_detail.jpg,736,Твердая бумажная,20.7 x 13.2 x 4.5,710,4000,Осталось мало,-,17 магазинов,8 магазинов (Москва),https://www.chitai-gorod.ru/shops/reserve/?elem_id=2923280
2912485,Дарители. Весь цикл в одном томе,Соболь Е.,Дарители,"1, 2, 3, 4, 5",Детская художественная литература,Детская фантастика,Росмэн,Весь цикл в одном томе,2022,12+,-,О.А. Закис,1098,1098,4.6,25,978-5-353-10084-3,"Давным-давно в волшебном королевстве, созданном могучим колдуном Барсом, у каждого жителя был свой чудесный дар, полученный от Сердца волшебства. А потом волшебство исчезло. С тех пор прошло триста лет, и внезапно история, которая уже стала сказкой, получила продолжение. Героям новой истории – Генри, Эдварду, Розе и многим другим, – предстоит вернуть пропавшие дары, разгадать самые сложные загадки, распутать не один клубок интриг, сразиться с кошмарными чудовищами и перехитрить хитрейшего из злодеев. Но хватит ли им мужества, решимости и доброты, чтобы спасти свой прекрасный сказочный мир?",-,https://img-gorod.ru/29/124/2912485_detail.jpg,1536,Твердая бумажная,6.3 x 14.6 x 22.2,1170,3000,В наличии,-,514 магазина,71 магазин (Москва),https://www.chitai-gorod.ru/shops/reserve/?elem_id=2912485
2911956,Коты-детективы. Парижские тайны,"Гатти А., Морозинотто Д.",Коты-детективы,"1, 2, 3",Детская художественная литература,Детский детектив,АСТ,Коты-детективы. Подарочная,2022,6+,Николаева Н.,-,695,566,4.0,6,978-5-17-146035-8,"Мистер Луноброд и его разношёрстная компания берутся за самые сложные расследования.  В Париже похищен знаменитый повар Пьер Паштет, украдены драгоценные серьги знаменитой актрисы Мари Белиссимы, а в доме вдовы де Бульон пропала бесценная статуэтка… Пока инспектор Рампье и его толстопузый помощник пёс Кошмар бродят по ложному следу. Коты-детективы проявляют удивительную смекалку. Безошибочное чутьё и кошачья хитрость — вот гарантия успеха!",-,https://img-gorod.ru/29/119/2911956_detail.jpg,384,Твердая глянцевая,21 x 14.5 x 2.4,500,4000,В наличии,-,488 магазинов,79 магазинов (Москва),https://www.chitai-gorod.ru/shops/reserve/?elem_id=2911956
2873853,Дневник Стива. Да начнутся приключения! Книги 1-5,Гитлиц А. (пер.),Дневник Стива,"1, 2, 3, 4, 5",Детская художественная литература,Детская фантастика,Бомбора,Майнкрафт. Дневник Стива,2022,12+,Гитлиц А.,-,1208,1208,4.11,19,978-5-04-156686-9,"Стив – обыкновенный мальчишка, жизнь которого ничем не примечательна, но… Внезапно он оказывается в захватывающем мире ""Майнкрафт""! Он и сам не понимает, как умудрился застрять в игре, но теперь его ждут невероятные приключения и опасности! Сможет ли Стив найти друзей в этом странном мире, победить криперов и жутких зомби, а также придумать, как же ему вернуться домой? Стив не унывает, ведь ему так хочется стать героем ""Майнкрафта"", и поэтому он готов отправиться в рискованное путешествие!",https://img-gorod.ru/28/738/2873853.pdf,https://img-gorod.ru/28/738/2873853_detail.jpg,656,Твердая бумажная,22 x 14.3 x 3.7,780,5000,В наличии,-,545 магазинов,80 магазинов (Москва),https://www.chitai-gorod.ru/shops/reserve/?elem_id=2873853
2873854,Дневник Стива. Квадратное странствие продолжается! Книги 6-10,Гитлиц А. (пер.),Дневник Стива,"6, 7, 8, 9, 10",Детская художественная литература,Детская фантастика,Бомбора,Майнкрафт. Дневник Стива,2022,12+,Гитлиц А.,-,1245,1079,4.83,6,978-5-04-156688-3,"Раньше Стив не мог даже представить, что с ним такое случится! Он в самом деле застрял в ""Майнкрафте"" и совершенно не понимает, как ему отыскать дорогу домой! Но это не повод для грусти, ведь теперь он перемещается между мирами, и у него уйма дел. На каждом шагу Стива подстерегают опасности – криперы, зомби, жуткие морские чудовища и другие монстры. Стиву предстоит проявить доблесть, если он хочет стать настоящим героем и защитить селян!",https://img-gorod.ru/28/738/2873854.pdf,https://img-gorod.ru/28/738/2873854_detail.jpg,800,Твердая бумажная,22 x 14.3 x 4.3,920,5000,В наличии,-,542 магазина,79 магазинов (Москва),https://www.chitai-gorod.ru/shops/reserve/?elem_id=2873854
2873855,Дневник Стива. Время отправляться в Край! Книги 11-14,Гитлиц А. (пер.),Дневник Стива,"11, 12, 13, 14",Детская художественная литература,Детская фантастика,Бомбора,Майнкрафт. Дневник Стива,2021,12+,Гитлиц А.,-,1208,1208,5.0,4,978-5-04-156689-0,"Это Стив, и он уже довольно неплохо освоился в мире ""Майнкрафта"". Он успел обзавестись собственным огородом, научился приручать животных и попал в парочку заварушек. Стив сталкивался со многими опасностями и переживал невероятные приключения во время своего странствия по мирам ""Майнкрафта"". И кажется, теперь у него начинает вырисовываться план, как ему вернуться домой… Но что это там? Дракон Края?!",https://img-gorod.ru/28/738/2873855.pdf,https://img-gorod.ru/28/738/2873855_detail.jpg,656,Твердая бумажная,22 x 14.3 x 3.6,760,5000,В наличии,-,487 магазинов,73 магазина (Москва),https://www.chitai-gorod.ru/shops/reserve/?elem_id=2873855
2874039,Нэнси Дрю. Исчезнувшая реликвия. Гонка со временем. Фальшивая нота,Кэроллайн Кин,Нэнси Дрю: девушка-детектив,"1, 2, 3",Детская художественная литература,,АСТ,Истории про Нэнси Дрю. Коллекция,2021,12+,-,-,945,849,4.0,6,978-5-17-137484-6,"Меня зовут Нэнси Дрю, и я — детектив. В этой книге вы найдете три дела, над которыми мне и моим друзьям пришлось поломать голову.  ДЕЛО 1: ИСЧЕЗНУВШАЯ РЕЛИКВИЯ Недавно юная француженка Симона Валинковская купила старый дом на нашей улице. Как только она здесь поселилась, случилась беда: яйцо Фаберже, доставшееся ей по наследству от русского дедушки, украли средь бела дня. Я обязательно вычислю преступника, ведь для Симоны это не просто ювелирное изделие, а дорогая сердцу семейная реликвия…  ДЕЛО 2: ГОНКА СО ВРЕМЕНЕМ Я всегда придерживаюсь одного правила: в любой игре мне нужна победа. Если уж взялась за дело, доведу его до конца. И этот раз — не исключение. На благотворительной гонке ""Щедрые колеса"" были похищены все собранные деньги. И теперь моя цель — не только приехать на финиш первой, но и… поймать вора по пути!  ДЕЛО 3: ФАЛЬШИВАЯ НОТА Я люблю искать ответы на самые сложные загадки, но, когда дело касается папиного дня рождения, я просто теряюсь и не могу найти подходящий подарок! Вдобавок к этому я выяснила совершенно ужасную вещь: кандидат в мэры Ривер-Хайтс скрывает кое-какую страшную тайну о своей дочери. Мне просто необходимо выяснить, что происходит. И желательно до того, как наступит папин день рождения…",-,https://img-gorod.ru/28/740/2874039_detail.jpg,480,Твердая бумажная,21.8 x 14.5 x 2.6,510,2000,В наличии,-,309 магазинов,42 магазина (Москва),https://www.chitai-gorod.ru/shops/reserve/?elem_id=2874039
2871999,Орест Кипренский. Повесть о художнике,Константин Паустовский,-,-,Детская художественная литература,"Проза для детей. Повести, рассказы",Детская литература,Экспозиция,2021,-,-,-,509,509,5.0,1,978-5-08-006218-6,"В парижском музее со всемирно известным названием «Лувр» содержится огромное количество художественных реликвий. Полистаем страницы его жизни, помня, что едва ли не за всеми экспонатами одного из самых больших музеев мира – удивительная история.",-,https://img-gorod.ru/28/719/2871999_detail.jpg,96+24,Твердая бумажная,22.2 x 16.9 x 1,360,3000,Последний экземпляр,-,1 магазин,-,https://www.chitai-gorod.ru/shops/reserve/?elem_id=2871999
2869136,"Сыскное бюро ""Брюм"". Пропажа в Скучном парке",М. Лазаренская,-,-,Детская художественная литература,Детский детектив,Феникс-Премьер,Детский детектив,2022,0+,-,Мурзина В.,809,599,3.89,9,978-5-222-37864-9,"Привет! Я Брюмер Первый Королевский Подарок, но для своих просто Брюм! И я прирождённый сыщик, ведь я — корги! Мы, корги, тоже овчарки, только маленькие. Знаете, сколько в полиции раскрыто мною дел? Лап не хватит пересчитать! Вот и сейчас наш Скучный парк, кажется, перестал быть тихим. Во время прогулки пропала соседская собачка Юми. И никаких улик. Хотя, если внимательно принюхаться... То пахнет большими приключениями! И будьте уверены, какие бы опасности меня не подстерегали, — я буду на высоте!",-,https://img-gorod.ru/28/691/2869136_detail.jpg,75,Твердая бумажная,23.5 x 17 x 1.1,320,3000,В наличии,-,142 магазина,26 магазинов (Москва),https://www.chitai-gorod.ru/shops/reserve/?elem_id=2869136
2856682,"Инсомния. Весь цикл в одном томе: Девочка, которая спит. Девочка, которая ждет. Девочка, которая любит",Елена Булганова,Инсомния,"1, 2, 3",Детская художественная литература,Детская фантастика,Росмэн,Инсомния,2021,12+,-,-,898,898,4.22,37,978-5-353-09757-0,"Все три книги серии «Инсомния» в одном томе! Пятнадцатилетние Алеша и Иола познакомились во сне. Иола всегда жила странной, немного жутковатой жизнью: она могла бодрствовать только тогда, когда Алеша спал. А когда он просыпался, тут же проваливалась в беспробудный сон. Когда же оба оказались в учебном лагере для необычных подростков, то узнали о существовании атлантов и древних подземных миров. Таинственный Орден, пытающийся рассорить людей и древние расы, стремительно меняющийся мир, опасные приключения и невероятная сила дружбы — все это в серии «Инсомния» от Елены Булгановой, автора популярного цикла «Вечники»!",-,https://img-gorod.ru/28/566/2856682_detail.jpg,960,Твердая бумажная,22 x 14.6 x 4.5,830,3000,В наличии,-,465 магазинов,71 магазин (Москва),https://www.chitai-gorod.ru/shops/reserve/?elem_id=2856682
2853357,Приключения Тома Сойера. Приключения Гекльберри Финна,Марк Твен,Приключения Тома Сойера и Гекльберри Финна,"1, 2",Детская художественная литература,Приключения,АСТ,Золотая классика - детям!,2021,12+,Дарузес Н.,-,725,599,3.5,6,978-5-17-137064-0,"В книгу вошли два самых известных романа американского писателя Марка Твена ""Приключения Тома Сойера"" и ""Приключения Гекльберри Финна"". Историями о приключениях двух отчаянных и непослушных мальчишек вот уже почти два века зачитываются мальчишки и девчонки. Том и Гек – два хороших друга. Правда, дружить им запрещают, ведь Гек – бродяга, с ним благовоспитанным детям даже разговаривать нельзя. Но никакие запреты взрослых не могут помешать мальчишеской дружбе! Жажда приключений, стремление к справедливости, живое воображение не только затягивают мальчишек в разные истории, но и помогают выбраться из них. Для среднего школьного возраста.",https://img-gorod.ru/28/533/2853357.pdf,https://img-gorod.ru/28/533/2853357_detail.jpg,701,Твердая бумажная,20.5 x 13.2 x 4,570,3000,В наличии,-,491 магазин,73 магазина (Москва),https://www.chitai-gorod.ru/shops/reserve/?elem_id=2853357
2843401,Три повести про Алису Селезневу,Кир Булычев,Алиса,"6, 8, 9",Детская художественная литература,Детская фантастика,АСТ,Золотая классика - детям!,2021,12+,-,-,745,745,3.67,3,978-5-17-135071-0,"В книгу известного фантаста Кира Булычёва «Три повести про Алису Селезнёву» вошли три истории о приключениях Алисы, девочки с Земли: «Миллион приключений», «Заповедник сказок» и «Козлик Иван Иванович». С Алисой Селезнёвой постоянно что-то случается! Из кармана вылезет настоящий гном и позовёт в Заповедник сказок, давний друг археолог пригласит в гости на свою планету, или вновь объявятся космические пираты! Пашка Гераскин, друг Алисы, тоже притягивает к себе разные приключения! Улетит на Рыцарскую планету, побежит спасать Дикаря, а то и вовсе превратится в туристку-пилагейку. Алисе постоянно приходится выручать Пашку из неприятностей, в которые он вляпывается. Ведь настоящая дружба того стоит! Для среднего школьного возраста.",https://img-gorod.ru/28/434/2843401.pdf,https://img-gorod.ru/28/434/2843401_detail.jpg,798,Твердая бумажная,20.6 x 12.9 x 4.2,670,3000,Последний экземпляр,-,317 магазинов,44 магазина (Москва),https://www.chitai-gorod.ru/shops/reserve/?elem_id=2843401
2839739,Приключения Алисы Селезневой,Кир Булычев,Повести об Алисе для детей младшего возраста,"1, 2",Детская художественная литература,Детская фантастика,Малыш,Главные книги для детей,2021,6+,-,Муратова Е.,945,784,4.17,6,978-5-17-122675-6,"После выхода известного мультфильма ""Тайна Третьей планеты"" Кир Булычёв переписал специально для младших школьников часть историй про Алису Селезнёву. Три такие фантастические повести вошли в книгу: ""Алиса Селезнёва и тайна Третьей планеты"", ""Алиса Селезнёва на планете Загадок"" и ""Алиса Селезнёва и дракон"". Алиса побывает на разных планетах, разгадает их тайны и выпутается из сложных ситуаций. В этом ей помогут верные друзья. Рисунки Екатерины Муратовой. Для младшего школьного возраста.",https://img-gorod.ru/28/397/2839739.pdf,https://img-gorod.ru/28/397/2839739_detail.jpg,157,Твердая глянцевая,29 x 21.5 x 1.7,770,3000,В наличии,-,517 магазинов,77 магазинов (Москва),https://www.chitai-gorod.ru/shops/reserve/?elem_id=2839739
2658534,Удивительная Австралия. С многоразовыми наклейками,Минишева Т.,-,-,Детская художественная литература,Книги-игрушки/Книги с наклейками,МОЗАИКА kids,В мире животных,2017,0+,-,Василюк Н.,224,224,3.0,1,978-5-4315-1117-2,"Эта увлекательная книга познакомит вас с удивительным, необыкновенным и разнообразным животным миром европейского леса. На большой панорамной иллюстрации с изображением лесного пейзажа нужно разместить наклейки — лесных животных. В книге вы найдете множество интересных фактов об этой природной зоне и обитающих в ней животных. Готовой яркой панорамой можно украсить свою комнату.",-,https://img-gorod.ru/26/585/2658534_detail.jpg,-,Мягкая глянцевая,28 x 21 x 0.2,110,10000,Осталось мало,-,9 магазинов,1 магазин (Москва),https://www.chitai-gorod.ru/shops/reserve/?elem_id=2658534
2656809,"Мокрый нос, пушистый хвост","Терентьева Н., Семина И. (сост.)",-,-,Детская художественная литература,Стихи и песни,Стрекоза,Читаем детям,2017,0+,-,Красовская И.,148,148,5.0,1,978-5-9951-3251-6,Вашему вниманию предлагается красочно иллюстрированная книга со стихами для самых маленьких читателей.,-,https://img-gorod.ru/26/568/2656809_detail.jpg,48,Твердая глянцевая,16.7 x 11.2 x 0.7,90,-,Осталось мало,-,11 магазинов,-,https://www.chitai-gorod.ru/shops/reserve/?elem_id=2656809
2464448,Батальон четверых. Рассказы и очерки,Леонид Соболев,-,-,Детская художественная литература,"Проза для детей. Повести, рассказы",Детская литература,Поклон победителям,2021,12+,-,-,608,608,0.0,0,978-5-08-006593-4,"В книгу вошли избранные рассказы писателя-мариниста Леонида Соболева (1898—1971) из книги «Морская душа» и очерки из книги «Дорогами побед» о героических матросах Черноморского флота, об обороне Крыма и освобождении Севастополя от фашистских захватчиков..Книга выходит в серии «Поклон победителям», выпуск которой приурочен к празднованию 70-летнего юбилея Победы в Великой Отечественной войне..Для среднего школьного возраста...............",-,https://img-gorod.ru/24/644/2464448_detail.jpg,173,Твердая бумажная,22 x 16.6 x 1.5,420,5000,В наличии,-,90 магазинов,24 магазина (Москва),https://www.chitai-gorod.ru/shops/reserve/?elem_id=2464448
2446489,Стойкий оловянный солдатик. Для детей от 3 до 5 лет,-,-,-,Детская художественная литература,Сказки,Айрис-пресс,Книжки-малышки,2014,0+,-,-,49,49,0.0,0,978-5-8112-5499-6,"В этой книжке ребенок не только встретится с любимыми героями сказки, но и решит занимательные задачки для всестороннего развития. Вооружившись карандашом, это можно сделать прямо в книге.",-,https://img-gorod.ru/24/464/2446489_detail.jpg,-,Мягкая глянцевая,10.5 x 13 x 0.15,20,5000,Осталось мало,-,18 магазинов,-,https://www.chitai-gorod.ru/shops/reserve/?elem_id=2446489
2446340,Бабушкин дворик,Редактор Е.Н. Агинская,-,-,Детская художественная литература,Стихи и песни,Русич,"Тебе, малыш!",2014,0+,-,Самсоненко Сергей,28,28,4.0,1,978-5-8138-1128-9,Предлагаем Вашему вниманию красочно иллюстрированную книжку-раскладушку для чтения взрослыми детям.,-,https://img-gorod.ru/24/463/2446340_detail.jpg,-,Мягкая бумажная,18.4 x 17.2 x 0.1,30,5000,Последний экземпляр,-,10 магазинов,1 магазин (Москва),https://www.chitai-gorod.ru/shops/reserve/?elem_id=2446340
2446265,Космические корабли. Более 300 наклеек!,Автор текста Саймон Тадхоуп,-,-,Детская художественная литература,Книги-игрушки/Книги с наклейками,Махаон,Супернаклейки,2014,0+,Евтишенков Игорь,Манн Адриан,462,462,4.0,3,978-5-389-07769-0,"На каких кораблях люди впервые отправились в космос? А на каких могут летать инопланетяне? Собери с помощью наклеек фантастические и реально существовавшие космические корабли..Читаем и играем! Развиваем внимание, воображение, мелкую моторику и художественный вкус..........",-,https://img-gorod.ru/24/462/2446265_detail.jpg,24,Мягкая бумажная,30.4 x 24 x 0.4,300,12000,В наличии,-,295 магазинов,39 магазинов (Москва),https://www.chitai-gorod.ru/shops/reserve/?elem_id=2446265
2446264,Грузовики. Более 300 наклеек!,Автор текста Саймон Тадхоуп,-,-,Детская художественная литература,Книги-игрушки/Книги с наклейками,Махаон,Супернаклейки,2014,0+,Евтишенков Игорь,Ширли Джон,462,462,5.0,1,978-5-389-07770-6,"Хочешь узнать, как огромные многотонные машины перевозят тяжёлые грузы, работают в карьерах и на стройках, помогают пожарным и военным и даже участвуют в гонках? Открой книжку и познакомься с самыми мощными грузовиками в мире! Собери и дополни их с помощью ярких наклеек..Читаем и играем!.Развиваем внимание, воображение, мелкую моторику и художественный вкус..........",-,https://img-gorod.ru/24/462/2446264_detail.jpg,24,Мягкая бумажная,30.4 x 24.1 x 0.4,310,12000,В наличии,-,258 магазинов,34 магазина (Москва),https://www.chitai-gorod.ru/shops/reserve/?elem_id=2446264
2415795,Милые Подружки,Автор-составитель Алеся Уголькова,-,-,Детская художественная литература,Раскраски,"Попурри, ООО",Раскраска с заданиями,2012,-,-,Уголькова Алеся,54,54,0.0,0,978-985-15-1639-7,"Вашему вниманию предлагаается раскраска с разнообразными заданиями, рассчитанными на детей младшего школьного возраста.",-,https://img-gorod.ru/24/157/2415795_detail.jpg,-,Мягкая глянцевая,21.6 x 16.4 x 0.2,30,5000,Осталось мало,-,1 магазин,1 магазин (Москва),https://www.chitai-gorod.ru/shops/reserve/?elem_id=2415795
2415794,Любимые игрушки,Автор-составитель Алеся Уголькова,-,-,Детская художественная литература,Раскраски,"Попурри, ООО",Раскраска с заданиями,2012,-,-,Уголькова Алеся,54,54,0.0,0,978-985-15-1638-0,"Вашему вниманию предлагаается раскраска с разнообразными заданиями, рассчитанными на детей младшего школьного возраста.",-,https://img-gorod.ru/24/157/2415794_detail.jpg,-,Мягкая глянцевая,21.6 x 16.4 x 0.2,30,5000,Осталось мало,-,-,-,-
2415793,Фантазируй и рисуй,Сьюзен Страйкер,-,-,Детское творчество и досуг,Рисование,"Попурри, ООО",-,2011,-,Галицкая Е. Н.,-,187,187,0.0,0,978-985-15-1334-1,"Родители во всем мире уже отказались от обычных раскрасок, которые ограничивают богатое детское воображение, в пользу креативных раскрасок-рисовалок, позволяющих ребенку от всех души экспериментировать, проявлять фантазию и врожденную изобретательность!.В этом издании представлено около 50 заданий по рисованию, цель каждого из которых - стимулировать у ребенка воображение и пробуждать творческую энергию, развивать фантазию и предоставлять простор для детского самовыражения..Увлекательные проекты из этой книги не только подарят детям море удовольствия, но и будут способствовать их всестороннему развитию, создавая идеальные условия для творческого самовыражения.",-,https://img-gorod.ru/24/157/2415793_detail.jpg,-,Мягкая бумажная,27.5 x 20.2 x 0.4,190,2000,Осталось мало,-,3 магазина,-,https://www.chitai-gorod.ru/shops/reserve/?elem_id=2415793
2415791,Бумажные машины. 8 простых схем моделей различных машин. Пароход. Самолет. Корабль. Джип,Мишина Светлана Анатольевна,-,-,Детское творчество и досуг,Поделки и модели из бумаги. Аппликация. Оригами,"Попурри, ООО",-,2010,6+,-,Фаенкова Елена,136,136,0.0,0,978-985-15-1194-1,"А ты знаешь, что для создания настоящего автопарка нужен только лист бумаги? Не веришь? Смотри, 8 простых схем помогут тебе сделать модели различных транспортных средств - летающих, плавающих, ездящих!",-,https://img-gorod.ru/24/157/2415791_detail.jpg,-,Мягкая глянцевая,25.5 x 19.5 x 0.2,70,5000,Последний экземпляр,-,-,-,-
2415783,Развивающая раскраска 12 Братьев,Богданова Любовь Борисовна,-,-,Детская художественная литература,Раскраски,"Попурри, ООО",-,2011,-,-,Калошкина Е. Е.,81,81,0.0,0,978-985-15-1282-5,"Раскраска содержит задания: найди пару, лабиринты, кроссворды, найди различия, раскраски по цифрам..........",-,https://img-gorod.ru/24/157/2415783_detail.jpg,-,Мягкая глянцевая,28.5 x 21.5 x 0.2,80,5000,Осталось мало,-,-,-,-
2415782,Почти космическая история (с наклейками),Анна Красницкая,-,-,Детская художественная литература,Книги-игрушки/Книги с наклейками,"Попурри, ООО",Развивающие сказки,2014,-,-,Орлова Лариса,178,178,0.0,0,978-985-15-1083-8,"Дети будут просто в восторге от этих книжек с наклейками! Яркие иллюстрации, интерес ные задания, необычный сюжет, предполагающий активное участие самого ребёнка в событиях, подарят незабываемые впечатления мальчикам и девочкам! Но кроме того, книги серии «Развивающие сказки» стимулируют детское воображение, мышление, память, речь, внимание — одним словом, читаем и играем с пользой!..........",-,https://img-gorod.ru/24/157/2415782_detail.jpg,16,Мягкая глянцевая,28.5 x 21.1 x 0.2,90,5000,Осталось мало,-,-,-,-
2415781,Принцесса Алеля (с наклейками),Анна Красницкая,-,-,Детская художественная литература,Книги-игрушки/Книги с наклейками,"Попурри, ООО",Развивающие сказки,2010,-,-,Хушану Сергей,178,178,0.0,0,978-985-15-1082-1,"Дети будут просто в восторге от этих книжек с наклейками! Яркие иллюстрации, интерес ные задания, необычный сюжет, предполагающий активное участие самого ребёнка в событиях, подарят незабываемые впечатления мальчикам и девочкам! Но кроме того, книги серии «Развивающие сказки» стимулируют детское воображение, мышление, память, речь, внимание — одним словом, читаем и играем с пользой!..........",-,https://img-gorod.ru/24/157/2415781_detail.jpg,16,Мягкая глянцевая,28.5 x 21.1 x 0.2,90,5000,Последний экземпляр,-,-,-,-
2415361,Гарри Поттер и Тайная комната,Дж.К. Роулинг,Гарри Поттер,2,Детская художественная литература,Детская фантастика,Махаон,-,2014,6+,Спивак Маша,-,682,682,3.68,327,978-5-389-07781-2,"Книга, покорившая мир, эталон литературы для читателей всех возрастов, синоним успеха. Книга, сделавшая Дж.К. Роулинг самым читаемым писателем современности. Книга, ставшая культовой уже для нескольких поколений. «Гарри Поттер и Тайная комната» - история продолжается..",https://img-gorod.ru/24/153/2415361.pdf,https://img-gorod.ru/24/153/2415361_detail.jpg,480,Твердая глянцевая,20.6 x 13 x 3.7,510,30000,В наличии,-,526 магазинов,81 магазин (Москва),https://www.chitai-gorod.ru/shops/reserve/?elem_id=2415361
2415350,Моя книга о животных,Автор текста: Софи Довуа,-,-,Детская научно-популярная литература,Естественные науки,Махаон,-,2014,0+,Амченков Юрий,"Довуа Софи, Ли Мэгги, Ортас Рэйчел , Барроу Алекс",316,316,0.0,0,978-5-389-06576-5,"Соверши удивительное путешествие в мир животных вместе с Машей и ее друзьями. Узнай, где они живут, как охотятся, прячутся от врагов и воспитывают детенышей...На страницах этой книги ты найдешь много интересных заданий и игр, которые порадуют тебя и твоих друзей.",-,https://img-gorod.ru/24/153/2415350_detail.jpg,64,Твердая бумажная,32.5 x 24.5 x 1.35,760,5000,Последний экземпляр,-,8 магазинов,2 магазина (Москва),https://www.chitai-gorod.ru/shops/reserve/?elem_id=2415350
2415012,Путешествие в страну компьютерной графики,Софья Скрылина,-,-,Детская научно-популярная литература,Техника,БХВ-Петербург,Волшебный компьютер,2014,6+,-,Дамбиева М. В.,355,355,0.0,0,978-5-9775-0838-4,"Книга поможет ребенку получить навыки рисования с помощью компьютера на примере работы с бесплатной, удобной и простой в использовании графической программой Tux Paint. Юный художник научится создавать рисунки, электронные открытки, многоразовые раскраски, карты сокровищ, ребусы и многое другое..",-,https://img-gorod.ru/24/150/2415012_detail.jpg,128,Твердая глянцевая,25.7 x 20.2 x 1.15,420,2500,Последний экземпляр,-,8 магазинов,1 магазин (Москва),https://www.chitai-gorod.ru/shops/reserve/?elem_id=2415012
2414814,Дары неба. Перевод с персидского,"Сейед Мухаммад Камрани, Али Реза Рахими",-,-,Детская религиозная литература,,Садра,-,2013,-,Попова М. В.,-,269,269,4.0,1,978-5-906016-30-0,"Книга поможет вам научиться правильно делать омовение и намаз (молитву), выучить некоторые коранические фразы и другие слова молитв. Также в ней вы найдёте краткое изложение культурных основ мусульманской веры, упоминания важных событий из истории ислама и сможете почерпнуть много мудрого из рассказов о жизни пророка и имамов...Рекомендуется маленьким читателям.",-,https://img-gorod.ru/24/148/2414814_detail.jpg,176,Мягкая глянцевая,26 x 20 x 1.3,490,1000,В наличии,-,1 магазин,-,https://www.chitai-gorod.ru/shops/reserve/?elem_id=2414814
2414752,Раскрась как художник. Для самых маленьких. Мишка,Редактор Е.С. Петрова,-,-,Детская художественная литература,Раскраски,Омега,Раскрась как художник,2021,0+,-,Черникова Л.Н.,45,45,0.0,0,978-5-465-04206-2,"Вашему вниманию предлагается раскраска, которая поможет Вашему малышу стать настоящим художником.",-,https://img-gorod.ru/24/147/2414752_detail.jpg,-,Мягкая бумажная,21.3 x 16.3 x 0.1,30,30000,Последний экземпляр,-,30 магазинов,3 магазина (Москва),https://www.chitai-gorod.ru/shops/reserve/?elem_id=2414752
2414751,Раскрась как художник. Для самых маленьких. Зайка,Редактор Е.С. Петрова,-,-,Детская художественная литература,Раскраски,Омега,Раскрась как художник,2021,0+,-,Черникова Л.Н.,45,45,0.0,0,978-5-465-04208-6,"Вашему вниманию предлагается раскраска, которая поможет Вашему малышу стать настоящим художником.",-,https://img-gorod.ru/24/147/2414751_detail.jpg,-,Мягкая бумажная,21.3 x 16.3 x 0.1,30,30000,Осталось мало,-,7 магазинов,-,https://www.chitai-gorod.ru/shops/reserve/?elem_id=2414751
2414750,Раскрась как художник. Для самых маленьких. Котик,Редактор Е.С. Петрова,-,-,Детская художественная литература,Раскраски,Омега,Раскрась как художник,2021,0+,-,Черникова Л.Н.,45,45,0.0,0,978-5-465-04207-9,"Вашему вниманию предлагается раскраска, которая поможет Вашему малышу стать настоящим художником.",-,https://img-gorod.ru/24/147/2414750_detail.jpg,-,Мягкая бумажная,21.3 x 16.3 x 0.1,30,30000,Осталось мало,-,9 магазинов,1 магазин (Москва),https://www.chitai-gorod.ru/shops/reserve/?elem_id=2414750
2414705,Сказочный домик,Редактор Е.Н. Агинская,-,-,Детская художественная литература,Сказки,Русич,Детишкам - книжки,2013,0+,-,"Пустовалова Ирина, Пустовалов Владимир",365,365,0.0,0,978-5-8138-1115-9,"Веселые стихи, забавные истории, удивительные приключения ждут своего маленького читателя, чтобы подарить ему много ярких впечатлений и познакомить с необычными сказочными героями.",-,https://img-gorod.ru/24/147/2414705_detail.jpg,160,Твердая глянцевая,29 x 21.5 x 1.5,570,3000,Последний экземпляр,-,5 магазинов,2 магазина (Москва),https://www.chitai-gorod.ru/shops/reserve/?elem_id=2414705
2414651,Чудовище. История невозможной любви,Серена Валентино,-,-,Детская художественная литература,Детская фантастика,Эксмо,Уолт Дисней. Нерассказанные истории,2020,12+,Мольков К. И.,-,575,479,4.02,261,978-5-699-71230-4,"Все знают, что Принц из знаменитой сказки был превращен в Чудовище из-за непомерной гордыни и самолюбия. В облике страшного зверя он бродил по своему замку, в ужасе отсчитывая дни до того момента, когда упадет последний лепесток розы и он навсегда останется Чудовищем. Но знаете ли вы, что проклявшая его колдунья сама была в него влюблена? На какое зло может пойти отвергнутая любовь и справедлива ли назначенная цена искупления — годы одиночества и тоски?..Узнайте подлинную историю заколдованного Принца, историю преданности, самопожертвования и спасительной любви, которая не знает границ....",https://img-gorod.ru/24/146/2414651.pdf,https://img-gorod.ru/24/146/2414651_detail.jpg,256,Твердая бумажная,20.6 x 13.2 x 1.9,410,5000,В наличии,-,502 магазина,71 магазин (Москва),https://www.chitai-gorod.ru/shops/reserve/?elem_id=2414651
2414650,Всех прекрасней. История Королевы,Серена Валентино,-,-,Детская художественная литература,Детская фантастика,Эксмо,Уолт Дисней. Нерассказанные истории,2020,12+,Демина А. В.,-,575,466,4.02,427,978-5-699-71231-1,"Пожиравшая душу зависть сделала милую и добрую Королеву злобной и коварной. Возненавидев Белоснежку за то, что та оказалась красивее, она решила во что бы то ни стало от нее избавиться. Эта история известна всем, но есть и другая. Еще более прекрасная, трогательная и загадочная...Впервые на страницах этой книги раскрываются все тайны знаменитой сказки. Что заставило Королеву погубить горячо любимую падчерицу? Какое событие прошлого разбило ей сердце и заморозило душу? И какова цена страшного колдовства? Великая история любви, обмана, подлости, а также безграничной преданности, которую не в силах победить даже смерть.....",https://img-gorod.ru/24/146/2414650.pdf,https://img-gorod.ru/24/146/2414650_detail.jpg,256,Твердая бумажная,20.6 x 13.2 x 1.9,410,5000,В наличии,-,551 магазин,81 магазин (Москва),https://www.chitai-gorod.ru/shops/reserve/?elem_id=2414650
2414628,Колобок,Главный редактор Виктория Гетцель,-,-,Детская художественная литература,Сказки,Проф-пресс,-,2014,0+,-,Егорова Ирина,68,68,0.0,0,978-5-378-15646-7,"Предлагаем вашему вниманию русскую народную сказку для чтения родителями детям..",-,https://img-gorod.ru/24/146/2414628_detail.jpg,-,Картон,15.3 x 21 x 0.5,110,5000,Осталось мало,-,15 магазинов,2 магазина (Москва),https://www.chitai-gorod.ru/shops/reserve/?elem_id=2414628
2414617,365 сказок и стихов на каждый день,Редактор Виктория Гетцель,-,-,Детская художественная литература,Сказки,Проф-пресс,-,2014,0+,-,-,836,836,0.0,0,978-5-378-15508-8,"В книге собраны сказки, потешки и стишки для чтения малышам. Каждый день ребёнок сможет знакомиться с новыми героями, слушая очередную историю. А стишки можно выучить наизусть! Книга имеет яркое дизайнерское оформление, а тексты сопровождают замечательные иллюстрации..",-,https://img-gorod.ru/24/146/2414617_detail.jpg,368,Твердая бумажная,25.5 x 20.1 x 3.3,930,10000,В наличии,-,176 магазинов,27 магазинов (Москва),https://www.chitai-gorod.ru/shops/reserve/?elem_id=2414617
2414587,Телефон. Книжка-пазл,Чуковский Корней Иванович,-,-,Детская художественная литература,Книги-игрушки/Книги со сборными фигурками,Проф-пресс,Книжка-пазл,2014,0+,-,-,227,227,2.0,1,978-5-378-15057-1,"Предлагаем вашему вниманию книжку-пазл для чтения родителями детям..",-,https://img-gorod.ru/24/145/2414587_detail.jpg,-,Дутая,18.4 x 15.9 x 2,340,5000,Последний экземпляр,-,25 магазинов,1 магазин (Москва),https://www.chitai-gorod.ru/shops/reserve/?elem_id=2414587
2414586,Сестрица Аленушка и братец Иванушка. Книжка-пазл,Редактор Анастасия Лобко,-,-,Детская художественная литература,Книги-игрушки/Книги со сборными фигурками,Проф-пресс,Книжка-пазл,2014,0+,-,-,239,239,0.0,0,978-5-378-15069-4,"Предлагаем вашему вниманию книжку-пазл для чтения родителями детям..",-,https://img-gorod.ru/24/145/2414586_detail.jpg,-,Дутая,18.4 x 15.9 x 2,340,5000,Осталось мало,-,-,-,-
2414585,Лесные животные. Книжка-пазл,Владимир Степанов,-,-,Детская художественная литература,Книги-игрушки/Книги со сборными фигурками,Проф-пресс,Книжка-пазл,2014,0+,-,-,227,227,0.0,0,978-5-378-15050-2,"Предлагаем вашему вниманию книжку-пазл для чтения родителями детям..",-,https://img-gorod.ru/24/145/2414585_detail.jpg,-,Дутая,18.4 x 15.9 x 2,340,5000,Осталось мало,-,18 магазинов,3 магазина (Москва),https://www.chitai-gorod.ru/shops/reserve/?elem_id=2414585
2414584,Русалочка. Книжка-пазл,По мотивам сказки Г.Х. Андерсена,-,-,Детская художественная литература,Книги-игрушки/Книги со сборными фигурками,Проф-пресс,Книжка-пазл,2014,0+,-,-,239,239,0.0,0,978-5-378-15055-7,"Предлагаем вашему вниманию книжку-пазл для чтения родителями детям..",-,https://img-gorod.ru/24/145/2414584_detail.jpg,-,Дутая,18.4 x 15.9 x 2,340,5000,Последний экземпляр,-,3 магазина,1 магазин (Москва),https://www.chitai-gorod.ru/shops/reserve/?elem_id=2414584
